ID,Fname,Lname,Email,Gender,Salary,HasChildren
80-6049749,Lester,Duquesnay,lduquesnay0@cbsnews.com,Male,$5801.08,false
73-1658380,Wilfrid,Abrey,wabrey1@bigcartel.com,Male,$5772.46,false
98-0163066,Nissa,Basindale,nbasindale2@barnesandnoble.com,Female,$7217.25,true
32-8439396,Kalie,Whoston,kwhoston3@narod.ru,Female,$2025.58,true
59-0242887,Felike,Cosby,fcosby4@phpbb.com,Male,$8100.36,true
47-7006119,Lilah,Sayse,lsayse5@bing.com,Female,$1038.40,true
51-1296900,Saleem,Egarr,segarr6@google.it,Male,$6881.53,true
42-4232007,Doti,Eldred,deldred7@360.cn,Female,$4030.90,true
48-9167109,Kaila,Straffon,kstraffon8@sun.com,Female,$9697.10,true
85-7369459,Ethelin,Wyson,ewyson9@upenn.edu,Female,$2294.24,true
80-7424504,Hermon,Flinn,hflinna@discovery.com,Male,$7428.67,true
68-7596475,Barbey,Tatem,btatemb@geocities.com,Female,$1217.72,false
74-2653135,Edith,Glidder,eglidderc@forbes.com,Female,$2631.91,true
12-7545587,Aubert,Casale,acasaled@reference.com,Male,$4279.88,true
43-2945815,Dieter,Ivanishchev,divanishcheve@wordpress.org,Male,$9217.29,false
42-7292750,Thomasina,Melledy,tmelledyf@whitehouse.gov,Female,$7537.69,false
44-6661981,Holden,Yakobowitch,hyakobowitchg@addtoany.com,Male,$6575.85,false
12-3524426,Ermentrude,Gillam,egillamh@drupal.org,Female,$9060.92,false
92-7166054,Abramo,Norcutt,anorcutti@economist.com,Male,$1073.95,true
26-4315618,Dolley,Mellsop,dmellsopj@cnn.com,Female,$3237.44,true
25-2041763,Madelena,Leetham,mleethamk@amazon.com,Female,$9277.95,false
68-8248080,Emmett,Ericssen,eericssenl@bluehost.com,Male,$1810.30,false
21-2247240,Enrica,MacTague,emactaguem@loc.gov,Female,$5013.38,true
31-4098409,Jard,Iuorio,jiuorion@cnet.com,Male,$7410.86,true
57-6367360,Katleen,McCotter,kmccottero@bing.com,Female,$2400.92,false
79-6684712,Andres,McCuaig,amccuaigp@rediff.com,Male,$7854.62,true
42-9467419,Ryan,Geist,rgeistq@adobe.com,Male,$2694.47,true
39-6876504,Gay,Allin,gallinr@pcworld.com,Female,$2017.55,true
76-8448808,Merrick,Cherm,mcherms@cafepress.com,Male,$7041.07,false
45-1367918,Becki,Gadesby,bgadesbyt@google.cn,Female,$2022.28,true
18-7321491,Nealy,Mulleary,nmullearyu@storify.com,Male,$3181.63,true
41-2090952,Amalea,Thibodeaux,athibodeauxv@vkontakte.ru,Female,$3260.32,false
53-6134306,Jammal,Juste,jjustew@tripod.com,Male,$4917.26,false
69-9652084,Myron,Mosdall,mmosdallx@drupal.org,Male,$7696.69,true
47-9646433,Nathalie,Arthurs,narthursy@360.cn,Female,$8630.55,false
91-7125164,Marysa,Titt,mtittz@soundcloud.com,Female,$5938.19,false
95-3592172,Carolin,Leese,cleese10@g.co,Female,$4450.66,false
42-4742470,Rickie,Mabbe,rmabbe11@bigcartel.com,Male,$8543.70,true
09-3631847,Baird,Franzel,bfranzel12@storify.com,Male,$1284.24,true
20-4110533,Dinnie,Bowbrick,dbowbrick13@symantec.com,Female,$4008.90,false
05-1680057,Daffy,Fontell,dfontell14@joomla.org,Female,$5853.15,true
69-7222769,Idalia,Aldritt,ialdritt15@fastcompany.com,Female,$3034.48,false
89-9245913,Farrell,Olding,folding16@techcrunch.com,Male,$8713.79,true
21-6999367,Wendye,Smalridge,wsmalridge17@mayoclinic.com,Female,$7540.43,true
28-8385571,Elisha,Fearfull,efearfull18@alexa.com,Female,$1196.86,false
67-2391669,Odille,Belfitt,obelfitt19@earthlink.net,Female,$4111.75,false
84-4537266,Lynnette,Kennifeck,lkennifeck1a@4shared.com,Female,$9111.23,false
27-7503784,Suzy,Hillitt,shillitt1b@upenn.edu,Female,$6876.65,false
66-0841720,Hetti,Hember,hhember1c@amazon.co.uk,Female,$4445.24,true
50-5057654,Garek,Borchardt,gborchardt1d@telegraph.co.uk,Male,$2848.38,true
31-4353300,Wake,Satterlee,wsatterlee1e@devhub.com,Male,$4962.64,false
14-9666831,Fabien,Sawers,fsawers1f@tuttocitta.it,Male,$6660.54,true
41-4865120,Rhiamon,Everley,reverley1g@umn.edu,Female,$7326.51,false
07-3571504,Otis,Quan,oquan1h@github.com,Male,$6058.78,true
99-7256276,Farrel,Primrose,fprimrose1i@so-net.ne.jp,Male,$5963.01,false
88-2793722,Paulo,Campes,pcampes1j@github.com,Male,$6471.78,true
05-1550392,Anatol,Torri,atorri1k@google.fr,Male,$8922.50,true
95-7377509,Lanita,Buckhurst,lbuckhurst1l@istockphoto.com,Female,$7796.88,false
48-3329810,Laird,Wenderott,lwenderott1m@ehow.com,Male,$2756.25,false
32-5485694,Noel,Sempill,nsempill1n@edublogs.org,Female,$3468.13,false
16-9566718,Dorena,Belsham,dbelsham1o@com.com,Female,$6120.27,false
31-1224609,Cecil,Grelak,cgrelak1p@google.nl,Male,$1518.31,false
27-2777476,Taryn,Gerault,tgerault1q@fotki.com,Female,$9751.62,true
55-6684446,Leonard,Rootes,lrootes1r@nih.gov,Male,$1615.46,false
71-3255547,Jacquenette,Allward,jallward1s@businessinsider.com,Female,$7583.39,false
27-0776764,Daveen,Olivazzi,dolivazzi1t@newyorker.com,Female,$8210.25,true
55-8089428,Anthia,Mole,amole1u@alexa.com,Female,$7018.61,false
40-8276596,Alexi,Semour,asemour1v@dagondesign.com,Female,$8411.25,false
20-1423730,Byram,Minshaw,bminshaw1w@squidoo.com,Male,$7107.81,false
89-2117199,Rupert,Mairs,rmairs1x@ibm.com,Male,$8192.68,true
61-8422520,Ruprecht,Carous,rcarous1y@yale.edu,Male,$1664.08,true
59-0823216,Tressa,McCalum,tmccalum1z@nsw.gov.au,Female,$3687.20,false
95-5473068,Mair,Lark,mlark20@icq.com,Female,$7469.25,false
01-1669867,Othella,Hourihan,ohourihan21@4shared.com,Female,$4731.01,true
50-6679770,Colet,Worstall,cworstall22@technorati.com,Male,$2544.79,false
26-2485514,Lionel,Straun,lstraun23@theatlantic.com,Male,$1010.93,false
28-8856612,Torrin,Mitchelmore,tmitchelmore24@google.com,Male,$1919.94,false
39-6548096,Garwin,Pembridge,gpembridge25@google.es,Male,$4077.08,false
39-5683961,Vic,Jasiak,vjasiak26@discuz.net,Male,$7661.08,true
18-0675053,Veronika,Vedekhov,vvedekhov27@omniture.com,Female,$2638.42,true
69-6288862,Olav,Giorgetti,ogiorgetti28@dailymail.co.uk,Male,$6360.74,true
00-3257165,Salome,Thiese,sthiese29@ft.com,Female,$7464.79,false
08-6083620,Onfre,Lawtey,olawtey2a@sun.com,Male,$7535.23,true
53-7770404,Jessee,Bettis,jbettis2b@lycos.com,Male,$7356.09,false
37-1932259,Zebadiah,Sheircliffe,zsheircliffe2c@latimes.com,Male,$4557.28,true
09-1393410,Simon,Allmark,sallmark2d@nytimes.com,Male,$4147.57,false
79-0486809,Ed,Georges,egeorges2e@berkeley.edu,Male,$6797.21,true
70-9670168,Justinian,Stowers,jstowers2f@simplemachines.org,Male,$1841.42,false
95-0350369,Read,Yakobovitz,ryakobovitz2g@springer.com,Male,$2580.69,true
70-6054945,Cyndi,Smuth,csmuth2h@virginia.edu,Female,$6441.71,false
02-2613299,Carina,Othick,cothick2i@wired.com,Female,$7986.16,true
69-5399389,Elana,Leatherborrow,eleatherborrow2j@eepurl.com,Female,$5253.42,false
04-0943418,Angeli,Freeman,afreeman2k@miibeian.gov.cn,Male,$2976.32,false
92-9724450,Theo,Dukes,tdukes2l@quantcast.com,Male,$6481.82,false
41-4019017,Antonin,Collister,acollister2m@slate.com,Male,$2046.37,true
07-2269853,Marve,Lebond,mlebond2n@tumblr.com,Male,$1438.81,false
02-8220884,Guthrie,Hellier,ghellier2o@tmall.com,Male,$5676.93,false
16-2450987,Salem,Deneve,sdeneve2p@biblegateway.com,Male,$3646.21,false
80-3699901,Ossie,Buntine,obuntine2q@ihg.com,Male,$8874.39,true
79-2422608,Ida,Onion,ionion2r@weibo.com,Female,$7514.64,false
11-3018832,Issiah,Pickwell,ipickwell2s@flavors.me,Male,$7445.38,true
42-9603963,Brander,Alsop,balsop2t@youtu.be,Male,$8406.12,true
90-7800551,Larina,Lumpkin,llumpkin2u@reuters.com,Female,$4978.66,true
10-1005862,Wendel,Beavors,wbeavors2v@npr.org,Male,$3951.10,true
15-8769960,Barbee,Akker,bakker2w@paginegialle.it,Female,$5949.06,false
85-3815971,Corrie,Rivel,crivel2x@yale.edu,Female,$2246.47,true
36-2947604,Cornie,Bonniface,cbonniface2y@fc2.com,Female,$5267.39,false
63-5137639,Humfrid,Wellings,hwellings2z@pbs.org,Male,$7621.23,true
14-7426618,Ozzie,Venditti,ovenditti30@oakley.com,Male,$4529.78,true
63-7309768,Lianne,Rutherford,lrutherford31@reuters.com,Female,$7286.80,false
72-9929752,Ryley,Gittis,rgittis32@cpanel.net,Male,$7321.15,true
35-4765367,Mic,Predohl,mpredohl33@state.gov,Male,$4687.56,false
90-8110050,Malachi,Corrington,mcorrington34@indiatimes.com,Male,$8238.39,true
93-4165803,Cissy,Boobyer,cboobyer35@howstuffworks.com,Female,$9380.55,false
78-0415127,Trumann,Kolodziej,tkolodziej36@mayoclinic.com,Male,$2652.35,false
73-0648483,Lizzie,Truckell,ltruckell37@cbc.ca,Female,$2352.39,true
14-3274010,Ferdy,Tytcomb,ftytcomb38@amazonaws.com,Male,$1532.72,false
49-1349585,Griselda,Schimke,gschimke39@feedburner.com,Female,$4661.35,false
69-7655620,Rufus,Degenhardt,rdegenhardt3a@fema.gov,Male,$1411.79,false
40-5236165,Gallagher,Flockhart,gflockhart3b@sohu.com,Male,$6735.75,true
58-1081949,Mathian,Kimber,mkimber3c@networksolutions.com,Male,$2143.88,false
43-7856537,Siouxie,Mangeon,smangeon3d@cbc.ca,Female,$3030.66,true
82-5646747,Koenraad,Red,kred3e@patch.com,Male,$9695.13,true
79-3905016,Marji,Wilcher,mwilcher3f@last.fm,Female,$4931.79,false
17-7119083,Sibylla,Fairweather,sfairweather3g@youtu.be,Female,$8093.97,true
72-2372136,Dar,Jurczak,djurczak3h@cisco.com,Male,$4343.81,false
20-2353585,Ingmar,Gimbrett,igimbrett3i@angelfire.com,Male,$8053.42,true
47-5379038,Francesco,Settle,fsettle3j@oracle.com,Male,$5709.17,false
71-1068413,Russell,Osmon,rosmon3k@abc.net.au,Male,$9896.40,true
37-6792750,Goldy,Nossent,gnossent3l@rediff.com,Female,$7691.55,true
95-2681156,Ivett,Geoghegan,igeoghegan3m@bandcamp.com,Female,$4450.50,false
22-6530964,Onofredo,Kingman,okingman3n@apache.org,Male,$5657.68,false
35-9136874,Lennard,Childers,lchilders3o@geocities.jp,Male,$5510.29,true
82-2154869,Richmound,Emanuele,remanuele3p@mashable.com,Male,$8326.60,false
96-8664614,Gannie,Rayburn,grayburn3q@ox.ac.uk,Male,$7313.85,true
73-2008067,Dorry,Murkin,dmurkin3r@wiley.com,Female,$3826.48,false
39-5871574,Maurie,Paoloni,mpaoloni3s@merriam-webster.com,Male,$4960.69,false
56-0194677,Cull,Glaister,cglaister3t@deviantart.com,Male,$9692.09,true
21-9041928,Chlo,Bricham,cbricham3u@deliciousdays.com,Female,$6675.42,false
06-0550211,Giacobo,Pattesall,gpattesall3v@biblegateway.com,Male,$3754.02,false
16-9395593,Casey,Jennery,cjennery3w@csmonitor.com,Male,$3585.86,true
38-7441963,Pepillo,Dumberrill,pdumberrill3x@senate.gov,Male,$1942.24,true
89-0245851,Nicolle,Beringer,nberinger3y@chronoengine.com,Female,$1789.74,false
28-3769483,Bud,Brazenor,bbrazenor3z@ning.com,Male,$2701.89,false
35-1757856,Ronica,Axe,raxe40@google.cn,Female,$5852.89,false
23-4563737,Ariel,Plaunch,aplaunch41@npr.org,Female,$8880.52,false
84-9856805,Tremaine,Childrens,tchildrens42@yelp.com,Male,$5600.58,false
84-9825923,Rori,Mazzilli,rmazzilli43@dedecms.com,Female,$8609.70,false
69-1878630,Rockey,Jarrad,rjarrad44@webmd.com,Male,$4352.41,true
77-0523079,Mordecai,Duigenan,mduigenan45@qq.com,Male,$8021.97,true
18-2426257,Malva,McArte,mmcarte46@google.es,Female,$7423.41,false
22-6470218,Serge,Heatlie,sheatlie47@usgs.gov,Male,$5622.91,true
14-9297135,Burk,O'Corrin,bocorrin48@go.com,Male,$8540.55,false
55-8906970,Virgil,Bondar,vbondar49@canalblog.com,Male,$3806.53,true
45-1375071,Jock,Trubshaw,jtrubshaw4a@wikispaces.com,Male,$7487.59,false
51-9612997,Barbi,Spencers,bspencers4b@aboutads.info,Female,$4441.38,false
06-5890986,Cordie,Skaife d'Ingerthorpe,cskaifedingerthorpe4c@walmart.com,Female,$7741.94,false
78-3843244,Constance,Bulch,cbulch4d@princeton.edu,Female,$5744.93,true
29-9212383,Roxine,Mc Elory,rmcelory4e@apache.org,Female,$7525.76,false
55-9136707,Toiboid,Brindley,tbrindley4f@nytimes.com,Male,$7923.09,true
90-5049564,Bren,Barfitt,bbarfitt4g@examiner.com,Male,$4436.75,true
88-0948800,Kiri,McNae,kmcnae4h@imageshack.us,Female,$8105.20,true
05-8487022,Tammie,Woolis,twoolis4i@myspace.com,Female,$8244.17,true
42-9023698,Sly,Emmanuele,semmanuele4j@domainmarket.com,Male,$1059.99,true
67-4622324,Thomasa,Scutts,tscutts4k@merriam-webster.com,Female,$1214.83,true
07-6447964,Elora,Rubert,erubert4l@etsy.com,Female,$2335.61,false
07-6454496,Thebault,Onions,tonions4m@webeden.co.uk,Male,$4920.41,false
98-5976331,Kylie,Petheridge,kpetheridge4n@comsenz.com,Male,$4196.94,true
42-9855542,Vincenty,Yanyshev,vyanyshev4o@nationalgeographic.com,Male,$2488.73,false
71-0084072,Barron,Giveen,bgiveen4p@paginegialle.it,Male,$8862.27,true
47-1298150,Florencia,Waleworke,fwaleworke4q@china.com.cn,Female,$4602.82,false
98-2729625,Shelli,Stivens,sstivens4r@pagesperso-orange.fr,Female,$2967.67,true
09-3888766,Yankee,Jerdan,yjerdan4s@hhs.gov,Male,$7325.05,false
64-5404193,Reggie,Janusz,rjanusz4t@uiuc.edu,Male,$9870.61,true
62-3827771,Montague,Handling,mhandling4u@1und1.de,Male,$9782.97,true
31-7695482,Wes,Moye,wmoye4v@blogspot.com,Male,$1650.54,true
57-4952904,Chrissy,Oxborrow,coxborrow4w@dailymotion.com,Male,$7125.48,false
38-3744747,Tremain,MacGruer,tmacgruer4x@yahoo.com,Male,$1854.87,false
65-8733831,Jimmie,Siccombe,jsiccombe4y@umich.edu,Male,$1454.50,false
59-4448619,Oliver,Gooch,ogooch4z@sakura.ne.jp,Male,$9054.87,true
96-0120668,Melodee,Linnock,mlinnock50@alexa.com,Female,$9306.47,true
99-8908592,Demetra,Maddern,dmaddern51@utexas.edu,Female,$1461.04,true
42-2317968,Sydney,Hamel,shamel52@tripod.com,Female,$1794.53,true
09-8182990,Clair,Leschelle,cleschelle53@huffingtonpost.com,Female,$6789.20,true
64-6625860,Estrellita,Joreau,ejoreau54@admin.ch,Female,$2194.96,true
39-7553337,Amby,Thirlwell,athirlwell55@tamu.edu,Male,$6831.74,false
09-5718439,Etti,Larmet,elarmet56@dot.gov,Female,$9083.33,false
11-7211315,Romain,Tabord,rtabord57@devhub.com,Male,$9030.25,false
97-9118636,Haskel,Yearron,hyearron58@nhs.uk,Male,$9190.50,false
83-1082187,Marcela,Perrin,mperrin59@w3.org,Female,$5835.85,false
28-2144609,Ramon,David,rdavid5a@simplemachines.org,Male,$7545.59,true
66-1142835,Aila,McCrillis,amccrillis5b@blog.com,Female,$2273.98,true
48-3831751,Sonny,Blight,sblight5c@noaa.gov,Female,$1546.50,false
33-8051891,Lyndsie,Sturrock,lsturrock5d@virginia.edu,Female,$4296.14,true
59-3371144,Lanae,Brogi,lbrogi5e@noaa.gov,Female,$9280.13,false
69-0959395,Kariotta,Lazar,klazar5f@phoca.cz,Female,$7924.94,false
45-9878243,Buddie,Hearn,bhearn5g@creativecommons.org,Male,$6706.94,true
24-4472349,Clair,Oleszczak,coleszczak5h@dropbox.com,Female,$3806.89,true
05-3866753,Alvy,Abella,aabella5i@blogger.com,Male,$7391.23,false
60-4732182,Shay,Dobsons,sdobsons5j@ftc.gov,Male,$3286.91,true
92-3226229,Farlee,Bourner,fbourner5k@apache.org,Male,$4709.68,true
55-3103672,Hugo,Worpole,hworpole5l@pcworld.com,Male,$6827.80,true
00-0161591,Corty,Fetterplace,cfetterplace5m@printfriendly.com,Male,$9915.26,true
42-6095560,Caleb,Bleacher,cbleacher5n@berkeley.edu,Male,$4626.07,false
30-6064311,Kelcie,Breeder,kbreeder5o@stumbleupon.com,Female,$4365.64,true
86-5802626,Aeriell,Gallard,agallard5p@sohu.com,Female,$3275.69,true
16-8731910,Gabi,Gobeaux,ggobeaux5q@imdb.com,Male,$2518.91,false
28-6885748,Editha,Strettle,estrettle5r@mozilla.com,Female,$2028.95,false
88-8002315,Tedra,Charopen,tcharopen5s@wordpress.org,Female,$4033.86,true
85-3364850,Levey,Corrado,lcorrado5t@smugmug.com,Male,$8607.99,true
12-4169215,Dulce,Kegley,dkegley5u@homestead.com,Female,$4247.52,false
48-8202474,Graeme,Meeking,gmeeking5v@topsy.com,Male,$7079.84,false
32-0390479,Iorgo,Tompkinson,itompkinson5w@theatlantic.com,Male,$3162.53,false
68-2262234,Kerry,Jellico,kjellico5x@state.tx.us,Male,$9417.41,true
73-2613476,Tara,MacCallum,tmaccallum5y@icio.us,Female,$1028.34,false
01-6773943,Haily,Senescall,hsenescall5z@latimes.com,Male,$4759.62,false
58-6409039,Viva,Stait,vstait60@shop-pro.jp,Female,$1863.81,true
89-4170654,Simonette,Scowcroft,sscowcroft61@about.com,Female,$9573.57,true
16-2905681,Eustace,Janousek,ejanousek62@icq.com,Male,$8736.72,true
51-5317672,Dede,Kave,dkave63@nature.com,Female,$6289.70,false
80-9072184,Kennett,McGaughay,kmcgaughay64@chicagotribune.com,Male,$4411.90,false
11-7671581,Debra,Baxandall,dbaxandall65@toplist.cz,Female,$4336.43,false
26-7022157,Jacquenette,Presnall,jpresnall66@accuweather.com,Female,$8753.45,false
38-9118115,Cathryn,Henkens,chenkens67@businessweek.com,Female,$5625.43,false
33-6500092,Quint,Deetlof,qdeetlof68@virginia.edu,Male,$3117.76,false
62-6238987,Dierdre,O'Halligan,dohalligan69@360.cn,Female,$7821.93,false
93-2373336,Codie,Farryan,cfarryan6a@dagondesign.com,Female,$7697.64,false
74-6346745,Vale,Trounson,vtrounson6b@ucoz.com,Male,$2897.89,true
29-4182847,Katusha,Novotni,knovotni6c@networksolutions.com,Female,$9327.05,true
97-9401386,Yovonnda,Ungerechts,yungerechts6d@nsw.gov.au,Female,$6474.24,true
88-7237773,Ethe,Lello,elello6e@unicef.org,Male,$6421.86,true
05-5140243,Shauna,Lunn,slunn6f@a8.net,Female,$2866.41,false
63-6807960,Markus,Flaxman,mflaxman6g@infoseek.co.jp,Male,$5157.20,true
58-7182845,Jeno,O' Mahony,jomahony6h@sakura.ne.jp,Male,$4416.20,true
40-1301272,Filberte,Egar,fegar6i@bloomberg.com,Male,$2456.53,false
20-4216043,Mischa,Matton,mmatton6j@miitbeian.gov.cn,Male,$6596.92,false
34-9529162,Adelaida,Songist,asongist6k@sohu.com,Female,$9335.46,true
86-5532872,Emerson,Nucci,enucci6l@apache.org,Male,$4860.06,false
17-8600928,Bjorn,Josefsohn,bjosefsohn6m@hostgator.com,Male,$1970.37,true
11-3678556,Shaina,Abbot,sabbot6n@princeton.edu,Female,$1587.01,false
64-6610065,Briant,Congreve,bcongreve6o@soup.io,Male,$6758.68,false
99-6044411,Erny,Vasey,evasey6p@craigslist.org,Male,$5335.47,false
72-3745889,Rita,Bownass,rbownass6q@cnn.com,Female,$8665.84,false
06-8182678,Doria,Attwell,dattwell6r@mediafire.com,Female,$9477.51,true
30-4033546,Jean,Hunting,jhunting6s@altervista.org,Male,$7537.89,false
14-2143322,Doti,Jarrelt,djarrelt6t@51.la,Female,$3461.98,true
49-8302831,Tawnya,Oldroyd,toldroyd6u@aol.com,Female,$6695.68,false
82-5444295,Tan,McArdle,tmcardle6v@youtu.be,Male,$6617.52,false
34-3106451,Birgitta,Bellin,bbellin6w@ask.com,Female,$8704.77,true
29-3209695,Bealle,Darragh,bdarragh6x@nifty.com,Male,$8528.17,true
84-2993526,Madelaine,Redparth,mredparth6y@drupal.org,Female,$3656.96,false
43-2159894,Aliza,Antoni,aantoni6z@indiegogo.com,Female,$6998.91,false
54-9437175,Shannon,Beevis,sbeevis70@tiny.cc,Male,$6740.33,false
52-9573901,Pablo,Glanz,pglanz71@imdb.com,Male,$8402.41,true
78-0519159,Leesa,Feary,lfeary72@dion.ne.jp,Female,$7942.53,true
98-1827991,Guenna,Bande,gbande73@ted.com,Female,$9623.54,false
12-4297223,Maje,Jammet,mjammet74@chicagotribune.com,Male,$5170.90,true
47-2891130,Purcell,Giddy,pgiddy75@blinklist.com,Male,$7508.52,false
31-0009734,Guss,Fanton,gfanton76@infoseek.co.jp,Male,$6540.64,true
99-8481905,Kendra,O'Caherny,kocaherny77@craigslist.org,Female,$1743.09,true
28-9540008,Kayla,Swendell,kswendell78@addtoany.com,Female,$6746.78,false
63-3843376,Fleur,McLernon,fmclernon79@bandcamp.com,Female,$2875.43,false
52-5215614,Effie,Erlam,eerlam7a@blogs.com,Female,$3931.70,true
25-1890675,Nichol,Yesenev,nyesenev7b@squidoo.com,Female,$5161.12,true
41-6131312,Tiff,Spriggen,tspriggen7c@seattletimes.com,Female,$7841.36,true
40-5413441,Carolann,Garwood,cgarwood7d@chron.com,Female,$7107.06,true
94-4708088,Pierre,Northam,pnortham7e@latimes.com,Male,$3100.55,false
21-9028961,Otes,Scalera,oscalera7f@irs.gov,Male,$5074.16,true
55-0219776,Brady,Cotterel,bcotterel7g@utexas.edu,Male,$9729.71,true
37-0243699,Murdoch,Siemons,msiemons7h@japanpost.jp,Male,$7987.05,false
85-7156726,Raquela,Artist,rartist7i@addtoany.com,Female,$5195.55,true
97-6126705,Audi,Scaddon,ascaddon7j@goo.ne.jp,Female,$4152.59,true
89-1014537,Zollie,Pyne,zpyne7k@shutterfly.com,Male,$6447.70,true
30-6452772,Gerrie,Mc Kellen,gmckellen7l@google.fr,Female,$2411.84,false
26-9000870,Rafi,Berkelay,rberkelay7m@cbslocal.com,Male,$8265.79,false
71-8365620,Heath,Emmett,hemmett7n@msu.edu,Male,$7246.96,false
40-9011600,Anthony,Phillput,aphillput7o@epa.gov,Male,$7556.41,true
21-3693441,Baxter,Dodgshun,bdodgshun7p@yellowbook.com,Male,$5947.14,true
96-4115008,Pierson,Klosser,pklosser7q@miibeian.gov.cn,Male,$6453.84,false
09-0371830,Gilbertine,Kingswood,gkingswood7r@soundcloud.com,Female,$5946.94,true
35-1086730,Verena,Quadri,vquadri7s@aboutads.info,Female,$3363.78,true
95-3425334,Cloris,Hubery,chubery7t@europa.eu,Female,$2936.36,false
85-1668816,Marshal,Alen,malen7u@unblog.fr,Male,$9239.73,true
02-8224443,Elane,Segebrecht,esegebrecht7v@mayoclinic.com,Female,$3018.75,false
05-7898734,Shandy,Proger,sproger7w@webs.com,Female,$5497.00,true
83-3950412,Cad,Imlin,cimlin7x@deviantart.com,Male,$3628.75,true
54-3287496,Gussy,Pape,gpape7y@walmart.com,Female,$1880.01,true
21-1809441,Helen,Kliemann,hkliemann7z@vistaprint.com,Female,$6229.98,true
08-2328320,Allie,Gladtbach,agladtbach80@miibeian.gov.cn,Female,$7115.26,false
09-2327559,Vivian,Timbrell,vtimbrell81@qq.com,Female,$7751.89,false
10-7448341,Kristofor,Haddington,khaddington82@unc.edu,Male,$8449.86,false
27-3399800,Chic,Winley,cwinley83@xrea.com,Male,$1536.44,true
18-1979373,Linn,Weal,lweal84@wufoo.com,Male,$3749.27,false
39-1779738,Isabeau,Huygen,ihuygen85@unblog.fr,Female,$4463.79,true
91-3661974,Read,Fussie,rfussie86@aol.com,Male,$7226.86,true
86-2974226,Kerry,O'Spellissey,kospellissey87@foxnews.com,Male,$9757.81,true
27-7321437,Cristy,Lowre,clowre88@1und1.de,Female,$1765.90,false
83-7372233,Lexy,Thody,lthody89@nytimes.com,Female,$2303.96,false
79-3030470,Avictor,Skews,askews8a@csmonitor.com,Male,$3078.73,true
44-1618595,Oran,Gittis,ogittis8b@plala.or.jp,Male,$2682.40,true
08-8905121,Alleyn,Dunsleve,adunsleve8c@github.io,Male,$8375.88,false
70-6840459,Hilda,Boyles,hboyles8d@hostgator.com,Female,$5930.71,false
14-2494576,Alejoa,Kirlin,akirlin8e@telegraph.co.uk,Male,$1963.91,false
81-5466130,Emalee,Rowland,erowland8f@omniture.com,Female,$5545.45,false
04-0665324,Chase,Sarah,csarah8g@github.io,Male,$3333.34,true
29-4987261,Sophi,Harkin,sharkin8h@addthis.com,Female,$2550.15,true
70-5295140,Larine,Soppeth,lsoppeth8i@cmu.edu,Female,$2588.87,true
12-7113542,Teodoor,Bulluck,tbulluck8j@nih.gov,Male,$2392.21,false
03-9597735,Win,Poundsford,wpoundsford8k@adobe.com,Male,$9502.60,false
14-2689917,Alley,Simonin,asimonin8l@over-blog.com,Male,$8799.47,true
37-3387256,Spense,Duffett,sduffett8m@wikia.com,Male,$2518.78,true
72-2626352,Ado,Jakoubec,ajakoubec8n@bizjournals.com,Male,$3207.40,false
05-8728927,Cammie,Mulligan,cmulligan8o@tmall.com,Female,$9532.37,false
36-2408701,Jemie,Hambrook,jhambrook8p@sakura.ne.jp,Female,$6471.06,true
74-9138944,Deeyn,Yarham,dyarham8q@wordpress.org,Female,$8321.82,false
21-9031507,Dewey,Bimrose,dbimrose8r@reference.com,Male,$7571.03,true
11-5223035,Hallie,Baike,hbaike8s@newyorker.com,Female,$1231.72,true
00-1216586,Arlene,Kenney,akenney8t@umn.edu,Female,$5384.49,true
70-5427453,Ced,Honig,chonig8u@zimbio.com,Male,$8032.42,false
37-3882585,Eva,Shillitoe,eshillitoe8v@salon.com,Female,$1750.86,true
39-9548280,Saleem,Parrott,sparrott8w@e-recht24.de,Male,$3990.23,true
49-6456702,Denni,Di Biaggi,ddibiaggi8x@blogspot.com,Female,$4347.06,false
15-0598914,Jeanelle,Dutch,jdutch8y@aol.com,Female,$2533.45,false
01-5231455,Keen,Gerardi,kgerardi8z@seattletimes.com,Male,$8453.98,true
22-4702187,Elden,Oblein,eoblein90@wikipedia.org,Male,$8534.57,true
13-4365958,Wayne,McSaul,wmcsaul91@a8.net,Male,$6162.83,false
53-8942835,Rockwell,Leith-Harvey,rleithharvey92@theguardian.com,Male,$5254.75,false
08-2299200,Tildie,Banger,tbanger93@businessinsider.com,Female,$5396.90,true
21-6164712,Lani,Butter,lbutter94@state.gov,Female,$4134.14,false
35-4290879,Mateo,Malimoe,mmalimoe95@t-online.de,Male,$1421.78,true
93-9014045,Hannis,Eccleston,heccleston96@ihg.com,Female,$7563.71,false
01-9772067,Ulysses,Mangan,umangan97@gov.uk,Male,$9437.51,false
73-5432034,Aarika,Cortese,acortese98@blogger.com,Female,$5809.05,false
81-1267570,Juliette,Rominov,jrominov99@yellowpages.com,Female,$8474.92,false
69-6089176,Cathyleen,Swyer,cswyer9a@salon.com,Female,$6675.16,true
44-6284535,Graig,Blanning,gblanning9b@upenn.edu,Male,$3547.52,true
37-0213671,Emylee,Micklem,emicklem9c@naver.com,Female,$8476.82,false
16-1017406,Nikki,Balhatchet,nbalhatchet9d@senate.gov,Male,$2908.84,true
81-9115352,Farrell,Gulliver,fgulliver9e@webnode.com,Male,$6449.36,false
61-0335395,Lucas,Pyett,lpyett9f@hao123.com,Male,$1955.55,true
92-9432089,Ajay,Downgate,adowngate9g@comcast.net,Female,$2671.67,false
62-4588781,Ker,Penn,kpenn9h@hostgator.com,Male,$2960.19,false
09-5671312,Sella,Gladyer,sgladyer9i@ucsd.edu,Female,$2623.47,false
40-7644647,Tobye,Beswell,tbeswell9j@yellowpages.com,Female,$2578.16,true
60-1223064,Thayne,Moyser,tmoyser9k@usda.gov,Male,$2125.60,false
60-2213782,Genvieve,Shakesby,gshakesby9l@ucoz.com,Female,$4449.94,true
45-3155983,Sorcha,Fateley,sfateley9m@rambler.ru,Female,$4624.57,true
15-3265960,Basilius,Thomazin,bthomazin9n@technorati.com,Male,$1072.83,false
35-1688612,Ryley,Brandreth,rbrandreth9o@addthis.com,Male,$4175.63,false
68-8796899,Skelly,Venart,svenart9p@imageshack.us,Male,$8291.01,true
22-1738957,Janessa,Tommasetti,jtommasetti9q@delicious.com,Female,$5413.60,true
54-5616566,Lauraine,Bidgod,lbidgod9r@miibeian.gov.cn,Female,$2900.48,true
99-6871083,Bernhard,Flippen,bflippen9s@amazon.co.jp,Male,$1231.25,true
22-2826005,Beniamino,Brawson,bbrawson9t@usda.gov,Male,$9791.50,false
74-7058563,Ruthanne,Trengrove,rtrengrove9u@pinterest.com,Female,$2721.02,false
09-3668159,Britte,Barnicott,bbarnicott9v@addthis.com,Female,$5304.19,false
64-0439702,Brittani,Pentin,bpentin9w@bloglovin.com,Female,$2938.51,true
22-6645194,Izaak,Skentelbury,iskentelbury9x@dyndns.org,Male,$9409.00,false
99-1347317,Evey,Gudge,egudge9y@intel.com,Female,$4118.00,false
59-4768402,Cazzie,Basnall,cbasnall9z@dailymail.co.uk,Male,$2127.44,false
26-3427621,Minny,Tinner,mtinnera0@gmpg.org,Female,$3740.60,false
63-0699613,Leshia,McDowall,lmcdowalla1@indiatimes.com,Female,$3589.00,false
18-8037670,Buddie,Gail,bgaila2@prweb.com,Male,$5931.45,false
48-3054229,Basia,Flintoft,bflintofta3@drupal.org,Female,$5284.37,true
95-9563926,Berke,Antonognoli,bantonognolia4@ycombinator.com,Male,$8559.57,false
80-7664302,Redford,Banasevich,rbanasevicha5@ox.ac.uk,Male,$3872.08,false
06-6815757,Kirstin,Vaneev,kvaneeva6@reverbnation.com,Female,$6739.37,false
58-5305288,Hagan,Sikora,hsikoraa7@marketwatch.com,Male,$5538.87,true
12-5355438,Luce,Emeny,lemenya8@ucsd.edu,Female,$4563.18,false
05-7041596,Wayne,Ralton,wraltona9@spotify.com,Male,$2245.46,true
60-9189206,Cayla,Dinneen,cdinneenaa@e-recht24.de,Female,$2390.56,false
08-4940912,Slade,Bowkley,sbowkleyab@about.me,Male,$5306.38,true
76-4198685,Enos,Perocci,eperocciac@nba.com,Male,$1876.98,true
05-9984063,Noah,McGilben,nmcgilbenad@wsj.com,Male,$5842.53,false
25-9278711,Colas,Hinrichsen,chinrichsenae@ameblo.jp,Male,$5006.33,false
83-7042572,Edi,Fullagar,efullagaraf@google.de,Female,$8839.63,true
15-2210921,Buddy,Secretan,bsecretanag@google.com.br,Male,$4110.72,false
19-4409365,Earle,Hobble,ehobbleah@wikia.com,Male,$6625.71,false
87-4822031,Yvon,Lavallin,ylavallinai@techcrunch.com,Male,$7233.54,true
96-1238271,Eddi,Adamik,eadamikaj@a8.net,Female,$2070.17,true
81-1768690,Corissa,Ollenbuttel,collenbuttelak@twitpic.com,Female,$7127.21,false
76-6884339,Yoshi,Ovenell,yovenellal@dmoz.org,Female,$3225.99,true
59-7383975,Torrey,Underwood,tunderwoodam@xinhuanet.com,Male,$7116.22,false
66-7592608,Devi,Camell,dcamellan@amazon.co.jp,Female,$5956.60,true
41-8466905,Nealon,Cutress,ncutressao@wix.com,Male,$7273.98,true
70-0803233,Scarface,Ovington,sovingtonap@smugmug.com,Male,$4850.15,false
07-2622272,Web,Scoyles,wscoylesaq@squidoo.com,Male,$6913.15,true
18-5908820,Sharleen,Peirson,speirsonar@bbb.org,Female,$6818.66,true
30-4916913,Inesita,Fautly,ifautlyas@vistaprint.com,Female,$8138.28,false
67-2514891,Bren,Rouchy,brouchyat@flavors.me,Male,$2009.95,true
19-1314729,Leonie,Beament,lbeamentau@sfgate.com,Female,$8982.00,false
97-8612861,Angy,Laimable,alaimableav@chicagotribune.com,Female,$5276.27,false
16-9507577,Krishna,Cordeau],kcordeauaw@who.int,Male,$1599.74,false
26-1415182,Isadore,Claw,iclawax@squarespace.com,Male,$7065.34,false
83-6451281,Jewel,Skains,jskainsay@vimeo.com,Female,$9559.94,false
49-7535629,Hedvige,Frankling,hfranklingaz@bing.com,Female,$7423.71,false
28-6168301,Lorin,McKennan,lmckennanb0@cam.ac.uk,Male,$4419.08,false
72-3418283,Nelson,Walklett,nwalklettb1@163.com,Male,$5888.85,false
30-3756551,Nessy,Cauldwell,ncauldwellb2@blog.com,Female,$4865.89,true
39-2744242,Orbadiah,Morat,omoratb3@springer.com,Male,$7117.02,true
89-4543280,Norbie,Jelf,njelfb4@cdc.gov,Male,$4245.28,false
86-5322768,Cathee,Jarred,cjarredb5@yahoo.co.jp,Female,$4046.26,false
29-1290780,Ailbert,Britton,abrittonb6@google.es,Male,$5054.56,false
04-3009323,Gracie,Heaney`,gheaneyb7@typepad.com,Female,$3538.73,false
80-7603732,Nicky,Sapseed,nsapseedb8@mayoclinic.com,Female,$9437.62,false
01-3612776,Sapphira,Bachs,sbachsb9@mashable.com,Female,$9158.68,true
98-5029260,Timi,Gilffilland,tgilffillandba@mediafire.com,Female,$2277.58,true
22-4161915,Weston,Paley,wpaleybb@ebay.com,Male,$3920.31,false
67-9873488,Max,Hasney,mhasneybc@parallels.com,Female,$6350.65,false
67-9625551,Doris,Grabham,dgrabhambd@patch.com,Female,$7842.66,true
84-6354681,Shir,Potten,spottenbe@aol.com,Female,$6647.41,false
23-5398154,Krisha,Langhorn,klanghornbf@pen.io,Male,$5922.48,true
01-0977967,Glenda,Rowbottom,growbottombg@dagondesign.com,Female,$4238.00,true
86-5816185,Lira,Serfati,lserfatibh@samsung.com,Female,$8920.02,true
29-3726219,Konstantin,Deluca,kdelucabi@cnbc.com,Male,$2874.45,false
99-6525381,Dora,Gammet,dgammetbj@shop-pro.jp,Female,$1541.78,true
45-5505946,Burg,Pioch,bpiochbk@answers.com,Male,$4989.53,false
12-3962178,Reece,Ayscough,rayscoughbl@joomla.org,Male,$6799.80,true
21-4752316,Chryste,Backson,cbacksonbm@cnn.com,Female,$1304.72,true
80-0234806,Amelie,Buckel,abuckelbn@squarespace.com,Female,$6883.05,true
10-3503887,Brnaby,Masic,bmasicbo@odnoklassniki.ru,Male,$8710.45,false
64-5882805,Pia,Kendrick,pkendrickbp@canalblog.com,Female,$5558.63,true
92-8753946,Sharona,Tolhurst,stolhurstbq@w3.org,Female,$9877.71,true
54-2443124,Hersh,Shakespear,hshakespearbr@gov.uk,Male,$5175.33,false
78-3275819,Forest,Robbel,frobbelbs@usda.gov,Male,$1947.14,true
74-5418747,Galvin,Bletsoe,gbletsoebt@spotify.com,Male,$6772.35,true
08-5563340,Arvie,Koschek,akoschekbu@businessweek.com,Male,$3617.17,true
31-9939065,Agosto,Fogarty,afogartybv@census.gov,Male,$2499.48,false
06-0819815,Lowrance,Denyer,ldenyerbw@sitemeter.com,Male,$6321.64,true
50-2358668,Cassondra,Snibson,csnibsonbx@multiply.com,Female,$5978.52,false
38-6626858,Suzette,MacGraith,smacgraithby@archive.org,Female,$6128.80,true
42-1608584,Eugine,Everall,eeverallbz@state.gov,Female,$4577.67,true
28-1142864,Haily,Feast,hfeastc0@sourceforge.net,Male,$7712.49,true
10-9158571,Dalis,Rigney,drigneyc1@dyndns.org,Male,$1778.57,true
95-8979214,Lavena,MacNish,lmacnishc2@mediafire.com,Female,$2405.80,true
39-9975906,Jayme,Sigge,jsiggec3@cbc.ca,Male,$9151.10,true
22-5625422,Agnola,Fessler,afesslerc4@go.com,Female,$5548.39,false
14-0907758,Doralin,Lipscomb,dlipscombc5@gizmodo.com,Female,$1813.94,true
22-9124567,Wain,Ryall,wryallc6@mozilla.com,Male,$2860.48,false
40-6877121,Zach,de la Tremoille,zdelatremoillec7@nasa.gov,Male,$4649.32,true
19-5431450,Durand,Colquyte,dcolquytec8@businessinsider.com,Male,$7011.48,true
49-8955947,Rozina,Espinoza,respinozac9@gnu.org,Female,$2058.72,false
80-1756008,Loren,Simmill,lsimmillca@dropbox.com,Male,$9298.76,false
72-1925551,Sanderson,Tippings,stippingscb@elpais.com,Male,$5904.44,true
88-0206394,Bernadina,Frango,bfrangocc@nih.gov,Female,$6212.67,false
66-7712949,Dodie,Furzey,dfurzeycd@mysql.com,Female,$6817.80,true
59-4277347,Aaren,Klampt,aklamptce@home.pl,Female,$3710.50,false
53-6776116,Cesare,Burbidge,cburbidgecf@booking.com,Male,$9431.69,false
43-6936168,Davidson,Escudier,descudiercg@topsy.com,Male,$8984.22,false
22-9788214,Carroll,Challiner,cchallinerch@yellowpages.com,Male,$7603.13,false
88-1590460,Wilburt,Horlick,whorlickci@oaic.gov.au,Male,$1894.96,false
92-9024939,Guillaume,Kornyshev,gkornyshevcj@naver.com,Male,$2456.79,true
81-7520173,Jillayne,Thacker,jthackerck@histats.com,Female,$4555.35,false
48-7390694,Wendell,Leward,wlewardcl@mac.com,Male,$9744.40,true
31-3086043,Saunder,Leheude,sleheudecm@arizona.edu,Male,$8181.39,true
68-8998950,Jesselyn,Metson,jmetsoncn@wunderground.com,Female,$3829.37,true
43-1772087,Gusty,Saphin,gsaphinco@ow.ly,Female,$9133.49,true
68-4040686,Carole,Gooddy,cgooddycp@addthis.com,Female,$6688.31,false
57-9113764,Jaimie,Hucker,jhuckercq@instagram.com,Male,$8823.05,false
94-8258612,Konstanze,Qusklay,kqusklaycr@deliciousdays.com,Female,$7433.18,false
77-7380919,Mylo,Slyford,mslyfordcs@people.com.cn,Male,$4365.61,true
35-2842683,Arlyn,McKenna,amckennact@hp.com,Female,$4259.24,false
93-9256470,Reba,Aucott,raucottcu@bbb.org,Female,$8444.18,true
70-6553148,Brana,Crosseland,bcrosselandcv@bigcartel.com,Female,$1189.23,true
16-6501063,Filippo,Cauldwell,fcauldwellcw@friendfeed.com,Male,$9199.94,true
22-8990664,Adda,Kaygill,akaygillcx@bloomberg.com,Female,$6529.73,false
13-1745680,Ethelin,Nairy,enairycy@mozilla.com,Female,$2557.52,true
99-5448008,Cecilia,Dmych,cdmychcz@instagram.com,Female,$4739.29,true
77-0048016,Lynnea,Harner,lharnerd0@t.co,Female,$2322.53,true
79-8242439,Christabel,de Najera,cdenajerad1@latimes.com,Female,$3682.48,false
99-5808960,Dieter,Ellse,dellsed2@tiny.cc,Male,$2302.24,false
42-2319093,Archer,Toxell,atoxelld3@seattletimes.com,Male,$6828.21,true
26-3109765,Gilberte,Tester,gtesterd4@toplist.cz,Female,$8233.84,true
34-7403799,Bill,McSpirron,bmcspirrond5@printfriendly.com,Male,$6295.78,false
27-4334267,Aloysia,Brazur,abrazurd6@ifeng.com,Female,$3814.81,false
36-1496667,Aaron,Corten,acortend7@eventbrite.com,Male,$3330.77,true
01-3762886,Cherish,Hedin,chedind8@linkedin.com,Female,$5484.34,true
09-0911783,Tybie,Clinch,tclinchd9@smh.com.au,Female,$9895.58,true
75-2069381,Melloney,Pomfret,mpomfretda@shareasale.com,Female,$3099.83,true
34-4762244,Erny,Davidge,edavidgedb@barnesandnoble.com,Male,$6383.35,false
83-2741122,Brandy,Northedge,bnorthedgedc@t.co,Female,$7133.54,true
88-9567718,Jammal,Blackway,jblackwaydd@biglobe.ne.jp,Male,$7215.89,false
86-0414666,Tove,Reiling,treilingde@smh.com.au,Female,$1389.91,false
52-2155957,Tucker,Jiri,tjiridf@meetup.com,Male,$5787.85,true
61-3196016,Corney,Vasey,cvaseydg@engadget.com,Male,$9420.85,true
17-5328025,Hunter,Beake,hbeakedh@bloomberg.com,Male,$8057.54,false
31-1562799,Kathlin,Toyer,ktoyerdi@4shared.com,Female,$5437.09,true
17-7886098,Jamey,Snare,jsnaredj@yelp.com,Male,$6519.60,false
39-7485776,Traver,Pedlar,tpedlardk@google.fr,Male,$8315.54,false
83-8111280,Cammy,Sorsby,csorsbydl@miitbeian.gov.cn,Male,$6062.41,false
40-7006898,Shelia,Rubinsztein,srubinszteindm@cnn.com,Female,$4996.29,true
83-5302207,Sileas,Size,ssizedn@weebly.com,Female,$6168.34,true
55-8732483,Rey,Bakey,rbakeydo@reuters.com,Male,$4400.30,true
02-4895432,Rory,Jeannenet,rjeannenetdp@amazonaws.com,Female,$3048.98,true
11-0028056,Bennett,Oakey,boakeydq@google.fr,Male,$2825.91,true
99-0706769,Jack,Capstick,jcapstickdr@netscape.com,Male,$8233.12,false
87-0131437,Starla,Warsap,swarsapds@sina.com.cn,Female,$4478.95,false
29-3299791,Christie,Saltsberger,csaltsbergerdt@adobe.com,Female,$5130.45,true
88-7221716,Albrecht,Kilban,akilbandu@shinystat.com,Male,$8381.96,false
15-7266181,Romy,Lexa,rlexadv@redcross.org,Female,$5676.82,false
50-1072209,Elisha,Longmore,elongmoredw@webeden.co.uk,Female,$8084.78,false
11-7013900,Xenos,Albasini,xalbasinidx@vimeo.com,Male,$5394.56,false
80-2156562,Udale,Crabbe,ucrabbedy@goodreads.com,Male,$7568.75,false
12-7549014,Garvin,Osmint,gosmintdz@360.cn,Male,$5595.47,true
75-4395228,Bren,Tunnicliff,btunnicliffe0@topsy.com,Female,$3812.76,false
12-3429198,Bree,Yelyashev,byelyasheve1@histats.com,Female,$6980.75,true
00-9199282,Padraig,Chomley,pchomleye2@washingtonpost.com,Male,$3792.29,false
50-1662903,Kendra,Alexis,kalexise3@ucsd.edu,Female,$8129.40,true
14-9833971,Bathsheba,Daal,bdaale4@woothemes.com,Female,$7129.52,true
73-7379983,Theressa,Gobourn,tgobourne5@ucoz.com,Female,$4830.42,true
31-4687986,Renie,Jagson,rjagsone6@tuttocitta.it,Female,$3796.29,false
72-8236234,Alameda,Durand,adurande7@webeden.co.uk,Female,$2797.06,false
10-4719173,Dorelia,Evins,devinse8@so-net.ne.jp,Female,$1987.63,false
39-7893650,Margit,Farnsworth,mfarnsworthe9@pcworld.com,Female,$6313.23,false
17-2058642,Sandor,Addis,saddisea@ustream.tv,Male,$6644.34,true
80-3088296,Freeman,Bunting,fbuntingeb@istockphoto.com,Male,$3422.06,false
08-4542212,Adams,Campagne,acampagneec@woothemes.com,Male,$2575.18,true
37-7253732,Sherilyn,Clemente,sclementeed@yellowbook.com,Female,$3290.66,true
62-1617527,Yule,Dunseith,ydunseithee@hatena.ne.jp,Male,$8446.56,false
46-8738517,Maureen,Carwithen,mcarwithenef@technorati.com,Female,$1704.99,true
05-3594029,Vinnie,Salt,vsalteg@joomla.org,Female,$7367.36,true
11-7224310,Brendin,Somerfield,bsomerfieldeh@plala.or.jp,Male,$8533.58,true
22-2707774,Arturo,Biaggi,abiaggiei@t-online.de,Male,$4530.53,true
09-6086861,Nichole,Eagar,neagarej@wikia.com,Female,$7802.46,true
94-0948905,Amy,Duran,aduranek@google.com.hk,Female,$4095.72,false
89-5297728,Mariana,Rump,mrumpel@deliciousdays.com,Female,$5438.79,false
52-8671745,Reynard,Ketton,rkettonem@ocn.ne.jp,Male,$3602.45,true
72-6526590,Bridie,Gonsalvo,bgonsalvoen@examiner.com,Female,$2083.38,false
25-1956480,Alain,Matejka,amatejkaeo@youtu.be,Male,$3783.28,true
90-5327476,Joceline,Twaits,jtwaitsep@tamu.edu,Female,$5167.94,true
70-9318565,Homer,Witard,hwitardeq@wordpress.org,Male,$6083.64,false
35-0872211,Nickie,Drysdell,ndrysdeller@xing.com,Male,$4155.08,false
58-9918486,Kahaleel,Doylend,kdoylendes@state.gov,Male,$4264.69,false
85-6143285,Gianni,Boatright,gboatrightet@biglobe.ne.jp,Male,$7624.31,false
78-9662271,Winny,Oppery,wopperyeu@google.de,Male,$8516.50,true
07-4443297,Reinaldos,Labbe,rlabbeev@answers.com,Male,$2835.12,false
86-7482685,Elianore,Asling,easlingew@yellowpages.com,Female,$8801.36,true
50-6238369,Rockie,Davidescu,rdavidescuex@tmall.com,Male,$3476.08,false
07-2110968,Tony,Troillet,ttroilletey@virginia.edu,Male,$1385.12,false
23-0853113,Michail,Matushevich,mmatushevichez@nature.com,Male,$7505.73,false
20-4890701,Melodee,Sange,msangef0@npr.org,Female,$9494.29,false
36-0848017,Sheffy,Waterdrinker,swaterdrinkerf1@who.int,Male,$3783.15,true
46-4090322,Ernest,Franceschino,efranceschinof2@umich.edu,Male,$9032.91,false
76-7757436,Theresa,McCuffie,tmccuffief3@nasa.gov,Female,$3783.33,true
04-5936610,Constantin,Edmonson,cedmonsonf4@theatlantic.com,Male,$5481.90,true
95-6461776,Franny,De Maine,fdemainef5@bluehost.com,Female,$1091.25,true
48-8652787,Henrietta,Becom,hbecomf6@51.la,Female,$7938.47,false
60-5669981,Bond,Jandac,bjandacf7@oaic.gov.au,Male,$8931.99,true
22-1928320,Hieronymus,Carolan,hcarolanf8@alibaba.com,Male,$5001.90,true
45-8995020,Rollin,Rosenfarb,rrosenfarbf9@foxnews.com,Male,$8737.41,true
05-0038660,Shawn,Smalecombe,ssmalecombefa@elegantthemes.com,Female,$9907.23,true
13-2688019,Lonnie,Keilloh,lkeillohfb@cyberchimps.com,Female,$5416.96,true
85-6322270,Fletcher,Ashingden,fashingdenfc@marriott.com,Male,$5416.23,false
26-5389538,Chadwick,MacFall,cmacfallfd@gravatar.com,Male,$9491.56,false
53-1650272,Suki,Croft,scroftfe@canalblog.com,Female,$1877.77,false
13-2042235,Patti,Galero,pgaleroff@nps.gov,Female,$6571.03,false
94-7805711,Gal,Lambregts,glambregtsfg@t-online.de,Male,$5612.71,true
54-2371399,Guinevere,Heffron,gheffronfh@washingtonpost.com,Female,$8293.84,false
29-0193713,Cory,Gatward,cgatwardfi@spiegel.de,Male,$7552.05,true
24-3001108,Rachelle,Rochester,rrochesterfj@dropbox.com,Female,$8048.53,true
02-8181687,Celestyn,Giacopelo,cgiacopelofk@1und1.de,Female,$6031.02,false
56-3162913,Eldon,Lauritsen,elauritsenfl@nba.com,Male,$1140.36,true
41-8241543,Sim,Setch,ssetchfm@netscape.com,Male,$6377.95,true
76-3164854,Emlen,Meak,emeakfn@wikimedia.org,Male,$7748.72,false
76-7499125,Devinne,Baal,dbaalfo@loc.gov,Female,$8654.45,false
73-7768138,Hubie,Euels,heuelsfp@storify.com,Male,$9871.89,false
76-1601854,Marylou,Bellfield,mbellfieldfq@cornell.edu,Female,$6630.23,true
70-0769253,Krispin,Jellicorse,kjellicorsefr@goodreads.com,Male,$5228.33,true
72-3587015,Beverly,Whyley,bwhyleyfs@craigslist.org,Female,$9694.58,false
05-4326800,Clemmy,Vogt,cvogtft@google.ru,Female,$1725.95,true
65-7637218,Phip,Minchi,pminchifu@ycombinator.com,Male,$1717.72,true
31-4876196,Kelwin,McCorry,kmccorryfv@cafepress.com,Male,$7194.52,true
86-6260362,Horatio,Loveridge,hloveridgefw@google.ca,Male,$9153.43,true
04-3138742,Saleem,Merriott,smerriottfx@archive.org,Male,$8396.62,false
70-5611048,Ambrosio,Abele,aabelefy@ezinearticles.com,Male,$2974.87,true
88-8567087,Taite,Broomhead,tbroomheadfz@berkeley.edu,Male,$6994.87,true
68-9183085,Tybi,Urwen,turweng0@google.com,Female,$1570.86,false
56-4457747,Bliss,Watsam,bwatsamg1@upenn.edu,Female,$4253.51,false
80-6193642,Else,Ainslee,eainsleeg2@smh.com.au,Female,$9355.78,false
73-8532499,Elmore,Haggath,ehaggathg3@bizjournals.com,Male,$6934.13,false
81-0179872,Cyndia,Ivanchov,civanchovg4@furl.net,Female,$8923.91,false
56-9212821,Corette,McGing,cmcgingg5@icq.com,Female,$6520.91,false
02-6788611,Walden,Ayliff,wayliffg6@blinklist.com,Male,$5593.08,true
62-3587646,Halette,Shovlin,hshovling7@icio.us,Female,$4347.59,false
07-2476821,Jerrome,Blankley,jblankleyg8@bing.com,Male,$2978.24,true
95-9426436,Florella,Rosgen,frosgeng9@marriott.com,Female,$5397.24,false
16-3871226,Chanda,Cheyenne,ccheyennega@mozilla.org,Female,$9398.88,true
52-4022760,Alma,Limerick,alimerickgb@hao123.com,Female,$8826.06,false
57-3665701,Tuckie,Rand,trandgc@wufoo.com,Male,$8573.66,false
85-0384909,Rozele,Richel,rrichelgd@who.int,Female,$5830.41,true
39-7282086,Dyanna,Durling,ddurlingge@thetimes.co.uk,Female,$5849.57,false
31-9493735,Cammi,Darville,cdarvillegf@usatoday.com,Female,$8775.78,true
20-6171643,Isidro,Trevena,itrevenagg@nba.com,Male,$2704.46,false
34-2181090,Niki,Habbershon,nhabbershongh@walmart.com,Male,$4273.46,true
17-8613357,Debor,Kundert,dkundertgi@guardian.co.uk,Female,$7438.74,true
99-1497559,Quintus,Brackenbury,qbrackenburygj@globo.com,Male,$6197.51,true
53-4449943,Jason,Bagwell,jbagwellgk@hc360.com,Male,$2939.81,true
64-2728995,Cristabel,Thomazet,cthomazetgl@taobao.com,Female,$7631.44,true
16-2280915,Tully,Copner,tcopnergm@latimes.com,Male,$1370.92,true
08-1997906,Elna,Sinton,esintongn@hud.gov,Female,$3505.81,true
07-7400797,Smitty,Sedgeman,ssedgemango@paginegialle.it,Male,$2317.41,true
30-1999784,Annadiane,Ducker,aduckergp@squarespace.com,Female,$4763.30,true
51-9925698,Osborne,Calven,ocalvengq@washington.edu,Male,$2611.07,false
30-9225604,Dale,Bourley,dbourleygr@weebly.com,Male,$8046.80,false
95-3683580,Rici,McNab,rmcnabgs@alexa.com,Female,$3205.03,true
44-9163926,Ursola,Licari,ulicarigt@theglobeandmail.com,Female,$8568.71,false
31-5888878,Tedra,Zelland,tzellandgu@hugedomains.com,Female,$8607.12,true
83-2033408,Douglas,Vasyushkhin,dvasyushkhingv@ted.com,Male,$4096.75,false
91-4740896,Gillie,Gillitt,ggillittgw@google.com.hk,Female,$9248.09,true
76-6693557,Payton,Ionnidis,pionnidisgx@kickstarter.com,Male,$3981.10,false
07-1598446,Caesar,Nisard,cnisardgy@clickbank.net,Male,$8586.55,false
55-1621686,Viv,Themann,vthemanngz@huffingtonpost.com,Female,$5557.66,true
91-3798174,Nellie,Lucey,nluceyh0@utexas.edu,Female,$2491.33,true
49-4680375,Margie,Rourke,mrourkeh1@istockphoto.com,Female,$1925.71,false
86-2493661,Alex,Egiloff,aegiloffh2@ca.gov,Female,$1063.83,false
40-2277160,Katalin,Parham,kparhamh3@home.pl,Female,$4157.76,false
32-8466601,Timmi,Puttock,tputtockh4@apache.org,Female,$8495.13,true
38-0472682,Nanci,Ervin,nervinh5@sbwire.com,Female,$2939.08,false
57-4678410,Darcy,Aizikov,daizikovh6@rambler.ru,Male,$4461.83,false
55-1245893,Mia,Roby,mrobyh7@hatena.ne.jp,Female,$8189.43,false
13-2637377,Tynan,Boulden,tbouldenh8@bigcartel.com,Male,$8657.99,true
30-8990514,Thalia,Pindar,tpindarh9@yellowbook.com,Female,$8020.79,false
99-6180044,Leonanie,Featherstonhaugh,lfeatherstonhaughha@europa.eu,Female,$5219.99,false
87-1562240,Renelle,Blowne,rblownehb@illinois.edu,Female,$8845.20,true
59-9922296,Marlyn,Water,mwaterhc@businessweek.com,Female,$5689.60,false
14-7803580,Dorotea,Ridpath,dridpathhd@hostgator.com,Female,$5679.37,true
83-7777461,Gregorius,Manueli,gmanuelihe@archive.org,Male,$7078.18,false
45-7068819,Oates,Whacket,owhackethf@blogs.com,Male,$4349.25,true
13-8782381,Eba,Gisbey,egisbeyhg@columbia.edu,Female,$8871.58,true
34-2524036,Hakeem,Wastell,hwastellhh@themeforest.net,Male,$5686.74,true
00-1008770,Ward,Dulinty,wdulintyhi@nature.com,Male,$4585.29,false
06-0726431,Robinson,Tomczykiewicz,rtomczykiewiczhj@bigcartel.com,Male,$1941.96,false
39-9000508,Alon,Saddler,asaddlerhk@skype.com,Male,$8258.07,true
91-9392476,Nevile,Frewer,nfrewerhl@quantcast.com,Male,$8952.74,false
48-6330406,Alfi,Primarolo,aprimarolohm@meetup.com,Female,$8345.43,false
27-6546025,Weston,Gurry,wgurryhn@npr.org,Male,$8670.43,false
05-9003641,Nannie,Iffland,nifflandho@seattletimes.com,Female,$9583.22,true
81-7442110,Avie,Shirtcliffe,ashirtcliffehp@google.co.uk,Female,$8909.59,true
28-9187951,Lyon,Heball,lheballhq@chicagotribune.com,Male,$7102.24,false
57-3184117,Nert,Bodicum,nbodicumhr@ibm.com,Female,$5355.36,true
78-2143919,Alameda,Kiefer,akieferhs@cloudflare.com,Female,$1990.17,true
73-9973903,Marcellus,Bockmann,mbockmannht@earthlink.net,Male,$7404.36,false
35-1618709,Gregorio,Corden,gcordenhu@multiply.com,Male,$5733.24,false
41-7818337,Charin,Jopson,cjopsonhv@narod.ru,Female,$5208.05,true
07-7123745,Zabrina,Tesseyman,ztesseymanhw@angelfire.com,Female,$7721.34,true
00-1989217,Judith,Dickons,jdickonshx@usa.gov,Female,$8158.00,true
84-6043579,Guido,Miskin,gmiskinhy@goo.ne.jp,Male,$4688.28,true
60-5538193,Zebulen,Wilkennson,zwilkennsonhz@pagesperso-orange.fr,Male,$7780.25,true
90-9279193,Guntar,Carlisle,gcarlislei0@cnbc.com,Male,$1183.83,false
40-1895402,Melisenda,Sargood,msargoodi1@jimdo.com,Female,$4068.42,false
14-2717333,Ardenia,Luce,alucei2@bbb.org,Female,$3967.80,false
52-8415489,Reeba,Heasly,rheaslyi3@spotify.com,Female,$5832.94,false
56-2239553,Colver,Colqueran,ccolquerani4@weibo.com,Male,$7938.88,false
10-6835277,Sim,Richardin,srichardini5@sciencedirect.com,Male,$7723.04,true
28-2469090,Ceciley,Dick,cdicki6@rediff.com,Female,$7413.87,false
57-0338289,Matthiew,Annable,mannablei7@ebay.com,Male,$6723.30,false
47-3053524,Leopold,Bodicum,lbodicumi8@domainmarket.com,Male,$3025.96,false
92-0233075,Karalee,McGlue,kmcgluei9@ed.gov,Female,$4461.96,true
99-3016834,Nollie,Smewin,nsmewinia@youtube.com,Male,$7170.58,false
07-7814887,Winnie,Ableson,wablesonib@barnesandnoble.com,Female,$3995.69,true
00-1826829,Ami,Edgecombe,aedgecombeic@vinaora.com,Female,$5271.81,true
38-3320191,Trix,Thurman,tthurmanid@sfgate.com,Female,$3943.46,false
59-3988555,Ella,Boich,eboichie@ask.com,Female,$3529.24,true
71-1564789,Jaquenetta,Getty,jgettyif@nationalgeographic.com,Female,$9497.63,false
46-1553301,Emmaline,Naldrett,enaldrettig@ted.com,Female,$2484.91,false
10-9338795,Katine,Tyrrell,ktyrrellih@npr.org,Female,$1993.80,false
60-1177527,Quintina,Scolts,qscoltsii@theglobeandmail.com,Female,$1772.17,true
59-7337319,Abigale,Cars,acarsij@over-blog.com,Female,$6520.77,true
63-3767564,Sibylla,Arckoll,sarckollik@netscape.com,Female,$4885.48,true
64-7853106,Javier,Jerson,jjersonil@aboutads.info,Male,$8204.09,false
45-2682965,Noella,Spurritt,nspurrittim@nsw.gov.au,Female,$7749.12,false
50-5556910,Dewain,Booty,dbootyin@baidu.com,Male,$5694.25,true
09-9821945,Nixie,Legerwood,nlegerwoodio@blogtalkradio.com,Female,$3664.06,false
70-4423124,Duke,Pietrasik,dpietrasikip@discovery.com,Male,$9049.28,true
99-9565474,Rachele,Ambrose,rambroseiq@wunderground.com,Female,$1966.68,false
18-2969432,Belva,Nuzzetti,bnuzzettiir@cdbaby.com,Female,$9355.40,true
26-9386975,Lacey,Thurby,lthurbyis@devhub.com,Female,$9433.52,false
39-4979947,Pennie,Cripin,pcripinit@symantec.com,Male,$8551.04,false
12-9293003,Luis,Lattey,llatteyiu@wufoo.com,Male,$7342.99,false
88-2514297,Arlinda,Varsey,avarseyiv@g.co,Female,$8184.11,true
37-4142157,Benny,Portt,bporttiw@sun.com,Male,$9279.86,true
95-7828203,Tatum,Paffley,tpaffleyix@webnode.com,Female,$6875.45,false
44-2487513,Ruth,Ballham,rballhamiy@noaa.gov,Female,$5262.45,false
93-1296546,Minna,Bortolotti,mbortolottiiz@ted.com,Female,$4638.21,true
08-6774574,Morganne,Entwistle,mentwistlej0@smugmug.com,Female,$4561.36,false
76-0715451,Burton,Eastby,beastbyj1@studiopress.com,Male,$2731.30,true
66-6064173,Koo,Bennellick,kbennellickj2@ycombinator.com,Female,$6019.22,false
12-2726364,Edmon,Saxon,esaxonj3@nytimes.com,Male,$5747.31,false
64-9041894,Aridatha,Bartleman,abartlemanj4@webmd.com,Female,$6336.66,false
69-7166095,Lewes,Devitt,ldevittj5@ft.com,Male,$3603.29,false
26-3402237,Chan,Habbeshaw,chabbeshawj6@arstechnica.com,Male,$1822.95,true
68-4470461,Chester,Lowthian,clowthianj7@freewebs.com,Male,$8511.54,false
42-6549640,Ardith,Rzehorz,arzehorzj8@dot.gov,Female,$3493.50,true
59-4120036,Powell,Gummary,pgummaryj9@samsung.com,Male,$4306.05,true
91-5532936,Polly,Lannon,plannonja@usa.gov,Female,$2728.68,false
23-4083327,Bamby,Birtwell,bbirtwelljb@imgur.com,Female,$8034.18,false
70-9996540,Durant,Foulkes,dfoulkesjc@prweb.com,Male,$5261.98,true
37-1826330,Christoph,Kitchaside,ckitchasidejd@imgur.com,Male,$2599.95,true
21-0878718,Kyle,MacFadzean,kmacfadzeanje@bloomberg.com,Female,$4700.69,false
75-7807604,Jocelyn,Havoc,jhavocjf@qq.com,Female,$1212.03,false
78-1670615,Nert,Killigrew,nkilligrewjg@mozilla.com,Female,$1911.18,false
19-7363190,Christophe,Chavey,cchaveyjh@guardian.co.uk,Male,$5126.64,true
79-6971061,Richy,Turrill,rturrillji@slideshare.net,Male,$1176.54,false
41-4493726,Kristopher,Darbishire,kdarbishirejj@un.org,Male,$2375.73,true
55-6664923,Sheridan,Matley,smatleyjk@china.com.cn,Male,$1749.91,true
47-0798857,Barrie,Fullwood,bfullwoodjl@last.fm,Female,$5738.49,true
09-7788138,Aldous,Sanham,asanhamjm@myspace.com,Male,$5177.97,false
14-3191968,Carolan,Fallowes,cfallowesjn@msu.edu,Female,$5188.04,true
68-5125722,Ranice,Matuskiewicz,rmatuskiewiczjo@mapquest.com,Female,$5412.78,true
01-7057497,Nikolia,Biaggiotti,nbiaggiottijp@yelp.com,Female,$3633.95,true
05-9498849,Leonanie,Milillo,lmilillojq@people.com.cn,Female,$5338.98,false
44-3977444,Angie,Marie,amariejr@tripod.com,Female,$3103.36,false
29-7844786,Aime,Seeler,aseelerjs@pen.io,Female,$9803.78,false
26-2051496,Christie,Froude,cfroudejt@so-net.ne.jp,Female,$2024.79,false
62-9216040,Geoffrey,Elsegood,gelsegoodju@acquirethisname.com,Male,$7934.60,true
04-2378949,Wendy,Lamplough,wlamploughjv@devhub.com,Female,$2067.14,true
87-5667781,Jilly,Abelovitz,jabelovitzjw@360.cn,Female,$3251.14,false
91-0949930,Calley,Hansill,chansilljx@army.mil,Female,$6286.98,true
76-6689051,Joycelin,Fadian,jfadianjy@europa.eu,Female,$7484.46,false
00-4790528,Kala,Humble,khumblejz@com.com,Female,$3668.02,true
45-3628461,Maurizio,Lafuente,mlafuentek0@nationalgeographic.com,Male,$2897.05,false
77-8326441,Garvey,Maling,gmalingk1@cam.ac.uk,Male,$4756.14,false
84-9076793,Glyn,Samways,gsamwaysk2@flickr.com,Female,$4238.95,false
01-1141451,Clare,Neate,cneatek3@eventbrite.com,Female,$3299.28,false
62-6240694,Derwin,Stuck,dstuckk4@cmu.edu,Male,$3685.28,false
01-6709842,Harvey,Doughton,hdoughtonk5@msu.edu,Male,$2740.31,true
81-0324266,Bibbye,Kenwyn,bkenwynk6@icio.us,Female,$9430.72,true
33-0657204,Connie,Vannini,cvanninik7@wikispaces.com,Male,$2107.52,false
50-9254518,Abigail,Melesk,ameleskk8@clickbank.net,Female,$3956.04,true
01-5291244,Clemens,McLise,cmclisek9@freewebs.com,Male,$1226.32,true
08-5627992,Ruthe,Jowling,rjowlingka@tripod.com,Female,$9562.43,false
29-7244286,Sybyl,Kretchmer,skretchmerkb@google.it,Female,$9135.49,false
16-2155773,Aggi,Normanvill,anormanvillkc@usatoday.com,Female,$1358.67,false
90-6975762,Hollyanne,Windaybank,hwindaybankkd@businesswire.com,Female,$9977.54,true
91-0835660,Hugues,Checchetelli,hchecchetellike@europa.eu,Male,$4681.01,true
91-2359595,Eugine,Harbison,eharbisonkf@uol.com.br,Female,$4219.67,true
60-5419624,Kata,Gossipin,kgossipinkg@soup.io,Female,$9526.52,false
31-2556871,Gunilla,Swatridge,gswatridgekh@sourceforge.net,Female,$1146.19,true
50-8388799,Carolyn,Turtle,cturtleki@zdnet.com,Female,$5676.68,false
39-2150858,Brnaba,Backshell,bbackshellkj@va.gov,Male,$7427.88,false
24-5456256,Everett,Linke,elinkekk@rediff.com,Male,$4529.75,true
61-7277564,Kenna,Donn,kdonnkl@arstechnica.com,Female,$8357.84,true
69-5191588,Der,Janjusevic,djanjusevickm@dailymotion.com,Male,$8034.62,false
96-2757886,Britte,Culter,bculterkn@xing.com,Female,$9371.32,true
14-4097652,Gilbertina,Hopkyns,ghopkynsko@china.com.cn,Female,$5302.84,true
28-5910048,Reginald,Rundall,rrundallkp@domainmarket.com,Male,$6414.62,true
00-4437856,Lothario,Mingasson,lmingassonkq@phpbb.com,Male,$8205.82,false
28-2074045,Toiboid,Merrikin,tmerrikinkr@symantec.com,Male,$9653.96,true
21-8618377,Johanna,Brinsford,jbrinsfordks@whitehouse.gov,Female,$9960.99,false
39-9267894,Malvin,Tesmond,mtesmondkt@springer.com,Male,$1427.27,true
69-6088995,Steward,Triplett,striplettku@usatoday.com,Male,$1280.58,false
93-7805507,Bevan,Sorley,bsorleykv@nbcnews.com,Male,$1508.85,false
28-9338736,Dinny,Berrill,dberrillkw@craigslist.org,Female,$7343.23,false
99-1550871,Melessa,Snoddin,msnoddinkx@nymag.com,Female,$5011.94,true
81-6864962,Ginni,Serck,gserckky@china.com.cn,Female,$4267.68,false
07-8586140,Judd,Garman,jgarmankz@mlb.com,Male,$1490.14,true
14-7902376,Marlane,Romke,mromkel0@lycos.com,Female,$4602.03,true
89-4932654,Ned,Rimbault,nrimbaultl1@mac.com,Male,$2470.07,true
51-9109044,Salomone,Packman,spackmanl2@wp.com,Male,$7926.59,true
97-2734281,Ray,Geldert,rgeldertl3@addtoany.com,Male,$5179.11,true
22-1474491,Wilma,Scroggie,wscroggiel4@ucla.edu,Female,$1375.31,false
03-9615686,Reece,Manthroppe,rmanthroppel5@telegraph.co.uk,Male,$7533.93,false
22-2710318,Dorri,Keddy,dkeddyl6@timesonline.co.uk,Female,$8475.46,false
25-3441824,Hilario,Meric,hmericl7@1und1.de,Male,$6898.55,false
70-7729366,Elmo,Gegg,egeggl8@aboutads.info,Male,$6463.08,true
70-7461948,Deedee,Purchase,dpurchasel9@netscape.com,Female,$2512.60,false
09-9355849,Evvy,Totton,etottonla@symantec.com,Female,$8173.38,true
49-2262650,Yorker,Ketteridge,yketteridgelb@odnoklassniki.ru,Male,$5399.79,true
95-3521247,Fayre,Shuker,fshukerlc@msn.com,Female,$9655.66,false
27-1120240,Johann,Meneur,jmeneurld@lulu.com,Male,$8478.82,false
85-9692812,Bree,Penylton,bpenyltonle@hubpages.com,Female,$1967.56,true
61-6413810,Matelda,Sherrard,msherrardlf@house.gov,Female,$2180.90,true
69-7832425,Ynes,Scriver,yscriverlg@tinyurl.com,Female,$8599.38,false
23-5268371,Adolf,Skaife,askaifelh@soup.io,Male,$5725.10,true
91-8214795,Pammie,Lavallie,plavallieli@virginia.edu,Female,$3337.33,true
15-1278137,Kata,Oneil,koneillj@google.ru,Female,$8550.51,true
70-9938408,Kalindi,Lecky,kleckylk@cmu.edu,Female,$3827.10,true
38-8469116,Leanor,Gration,lgrationll@soundcloud.com,Female,$7668.96,false
15-2081817,Katharine,Neasham,kneashamlm@etsy.com,Female,$1677.50,false
28-7529680,Bret,Greenman,bgreenmanln@123-reg.co.uk,Male,$5531.92,true
02-2136752,Lanae,MacCorley,lmaccorleylo@tumblr.com,Female,$5465.98,true
93-5626886,Christian,Latchmore,clatchmorelp@blog.com,Male,$3139.59,true
63-0026342,Jory,Figures,jfigureslq@virginia.edu,Male,$5545.63,true
54-4897697,Otis,Qualtro,oqualtrolr@google.co.jp,Male,$8311.19,true
04-1229739,Kacie,Brangan,kbranganls@mashable.com,Female,$4178.60,false
35-4838779,Shannan,Ghion,sghionlt@telegraph.co.uk,Male,$9690.45,false
99-8888987,Elvin,Sobey,esobeylu@technorati.com,Male,$5703.55,true
75-3275266,Ferris,MacVay,fmacvaylv@webmd.com,Male,$6414.37,true
23-0127110,Ardenia,O'Gormally,aogormallylw@stumbleupon.com,Female,$1500.66,false
94-0104388,Vite,Batey,vbateylx@canalblog.com,Male,$6106.93,false
90-7098114,Tracey,Walkington,twalkingtonly@godaddy.com,Female,$8463.98,false
90-5206191,Avigdor,Gypps,agyppslz@pen.io,Male,$1079.10,false
79-1226467,Angelika,Simonnet,asimonnetm0@google.ca,Female,$4373.73,true
90-7442890,Abraham,Harflete,aharfletem1@people.com.cn,Male,$1660.84,true
09-2167689,Hagen,Tebbs,htebbsm2@com.com,Male,$6259.08,false
60-2599455,Janeva,Ruit,jruitm3@shop-pro.jp,Female,$4131.07,true
48-0210838,Malissia,Brouard,mbrouardm4@nymag.com,Female,$3124.15,false
63-7834062,Oren,Bancroft,obancroftm5@xinhuanet.com,Male,$2365.24,false
73-7281117,Taryn,Sloegrave,tsloegravem6@bluehost.com,Female,$5445.07,false
90-2989188,Gabey,Praundl,gpraundlm7@facebook.com,Female,$8824.64,true
55-7850806,Kile,Markham,kmarkhamm8@wufoo.com,Male,$7096.91,false
10-3119407,Cristine,Crowter,ccrowterm9@gravatar.com,Female,$7034.42,true
64-8004380,Kevina,Cutriss,kcutrissma@usda.gov,Female,$5773.58,false
39-0944890,Billi,Dallimare,bdallimaremb@redcross.org,Female,$7615.36,false
28-7878127,Worth,Clarridge,wclarridgemc@jiathis.com,Male,$9167.97,false
05-2680355,Harwilll,Degenhardt,hdegenhardtmd@yelp.com,Male,$7735.73,false
40-2204371,Thedric,Cabrer,tcabrerme@hugedomains.com,Male,$4510.59,true
30-5804371,Matthieu,O'Luney,moluneymf@forbes.com,Male,$2701.89,false
05-5927758,Mei,Soper,msopermg@imgur.com,Female,$8826.98,false
40-6132320,Corliss,McKeeman,cmckeemanmh@ucla.edu,Female,$7476.46,false
61-5902799,Annaliese,Branston,abranstonmi@auda.org.au,Female,$5359.04,false
04-4714515,Chariot,Pigdon,cpigdonmj@intel.com,Male,$8055.39,true
35-2582914,Giovanna,Vasse,gvassemk@zdnet.com,Female,$3791.13,false
17-3233509,Karlotta,Bault,kbaultml@boston.com,Female,$3758.27,false
00-4562077,Rosetta,Eusden,reusdenmm@pcworld.com,Female,$3156.72,false
39-1965832,Lucas,Fawcitt,lfawcittmn@cargocollective.com,Male,$2530.51,true
49-5017012,Dex,Klesl,dkleslmo@people.com.cn,Male,$5170.62,true
76-1618578,David,Westmore,dwestmoremp@jimdo.com,Male,$1878.20,false
65-5636425,Farley,Fanti,ffantimq@google.cn,Male,$4738.53,true
82-7501293,Nil,Vreiberg,nvreibergmr@is.gd,Male,$5691.11,true
04-7529395,Jard,MacKay,jmackayms@google.nl,Male,$4092.18,false
05-7844050,Winifield,Tomasz,wtomaszmt@ehow.com,Male,$7520.87,true
33-5501794,Dagny,Tidmarsh,dtidmarshmu@wordpress.com,Male,$3229.01,true
79-5771336,Codi,Kilfedder,ckilfeddermv@imageshack.us,Female,$1494.76,true
73-5629900,Cherilynn,Yven,cyvenmw@skype.com,Female,$6393.50,true
92-7647181,Willard,Joscelyn,wjoscelynmx@yahoo.com,Male,$4868.74,false
71-2754346,Rich,Kerss,rkerssmy@cdbaby.com,Male,$6679.23,false
51-8142509,Lucine,Scully,lscullymz@google.it,Female,$4140.32,true
61-9331277,Odella,Etuck,oetuckn0@va.gov,Female,$1783.99,true
75-4859428,Annemarie,Welchman,awelchmann1@prlog.org,Female,$4818.72,true
78-4707326,Gareth,Treagus,gtreagusn2@nih.gov,Male,$2782.62,false
54-6686862,Beatrisa,Greschke,bgreschken3@washingtonpost.com,Female,$4295.96,false
34-2810809,Case,Merryweather,cmerryweathern4@yandex.ru,Male,$3533.82,true
49-2815526,Nelly,Frew,nfrewn5@usa.gov,Female,$7386.87,false
30-4158193,Elbertine,Horick,ehorickn6@usgs.gov,Female,$4602.68,false
99-9562221,Corbin,Overel,covereln7@ihg.com,Male,$9635.37,false
18-4923278,Bryn,Debrick,bdebrickn8@wunderground.com,Female,$9701.39,true
25-2927485,Linn,Porter,lportern9@privacy.gov.au,Female,$1105.97,false
87-5604618,Wynny,Rodda,wroddana@theatlantic.com,Female,$1218.11,false
01-8943401,Karlyn,Keyme,kkeymenb@imgur.com,Female,$2182.77,true
53-6908282,Brien,Tarry,btarrync@usatoday.com,Male,$9777.81,true
50-2405717,Rollo,Darwood,rdarwoodnd@deliciousdays.com,Male,$7154.38,true
11-1795866,Lutero,Squire,lsquirene@independent.co.uk,Male,$3266.23,false
93-4113185,Sophronia,Winfindale,swinfindalenf@sphinn.com,Female,$9787.77,false
36-8691462,Kimble,Milington,kmilingtonng@icio.us,Male,$3395.80,true
61-2754140,Martynne,Burmaster,mburmasternh@narod.ru,Female,$2839.69,false
18-0178269,Loleta,Chapelhow,lchapelhowni@irs.gov,Female,$4561.21,true
71-7709245,Aleece,Karpe,akarpenj@rediff.com,Female,$7857.67,true
21-0201633,Elane,Olivo,eolivonk@weibo.com,Female,$4999.24,true
78-0988022,Maisey,Westoll,mwestollnl@netlog.com,Female,$6017.91,false
71-7444877,Emery,Blasli,eblaslinm@linkedin.com,Male,$9283.65,true
52-7085954,Mannie,Whooley,mwhooleynn@ox.ac.uk,Male,$8002.45,true
78-6063354,Aeriela,Laird,alairdno@army.mil,Female,$4340.99,true
95-3968969,Halie,Camber,hcambernp@qq.com,Female,$5374.05,true
87-8998010,Marin,Gutridge,mgutridgenq@pcworld.com,Female,$3998.51,true
14-4957465,Candra,Beresford,cberesfordnr@twitter.com,Female,$3384.42,true
95-2800594,Harwilll,Fawthorpe,hfawthorpens@aboutads.info,Male,$3955.47,false
49-0013338,Davie,Tregust,dtregustnt@geocities.com,Male,$9762.01,false
50-3534071,Constantino,De Mattia,cdemattianu@is.gd,Male,$9108.47,false
00-7803046,Johnathan,Janata,jjanatanv@telegraph.co.uk,Male,$7553.92,true
46-2421909,Eal,Tutchings,etutchingsnw@mashable.com,Male,$3496.19,false
85-3766460,Salmon,Cockshutt,scockshuttnx@nifty.com,Male,$5366.42,true
37-7423944,Bee,Buggy,bbuggyny@discuz.net,Female,$6733.84,false
65-8562399,Gannon,Levens,glevensnz@instagram.com,Male,$7646.17,false
57-3408319,Brunhilde,Cann,bcanno0@buzzfeed.com,Female,$5449.91,true
96-2748482,Raffaello,Bettley,rbettleyo1@mapy.cz,Male,$6793.31,false
99-9906681,Von,Haggar,vhaggaro2@japanpost.jp,Male,$3252.03,false
96-9427988,Afton,Scranny,ascrannyo3@mapy.cz,Female,$7468.19,false
41-5440093,Anya,Farquarson,afarquarsono4@biglobe.ne.jp,Female,$1559.69,true
47-3505850,Reidar,Blazeby,rblazebyo5@unc.edu,Male,$7336.03,true
23-8321324,Liva,Locock,llococko6@seesaa.net,Female,$5700.98,true
93-8907857,Irving,Haythornthwaite,ihaythornthwaiteo7@stanford.edu,Male,$8818.41,true
30-9033009,Adam,Massie,amassieo8@amazon.de,Male,$3101.26,true
43-9262649,Henka,Ounsworth,hounswortho9@jalbum.net,Female,$4616.29,true
48-1949269,Lulu,Celle,lcelleoa@parallels.com,Female,$5822.28,false
63-0137359,Kriste,Bendall,kbendallob@pinterest.com,Female,$5713.82,false
88-9620243,Hazel,Rubert,hrubertoc@hubpages.com,Male,$3382.21,true
93-5821768,Rayner,Simeons,rsimeonsod@prnewswire.com,Male,$8143.77,true
32-1353603,Wylma,Duffree,wduffreeoe@si.edu,Female,$1383.63,true
23-9954461,Alberta,Cuttings,acuttingsof@1und1.de,Female,$5312.64,true
33-9684257,Baryram,Timbrell,btimbrellog@europa.eu,Male,$4744.01,false
42-2497151,Julissa,Adaway,jadawayoh@ucla.edu,Female,$2444.84,false
55-3243067,Eunice,Thicking,ethickingoi@clickbank.net,Female,$3219.02,false
04-9878838,Jesselyn,Bye,jbyeoj@howstuffworks.com,Female,$7610.40,false
88-2100640,Zollie,Kliesl,zklieslok@csmonitor.com,Male,$8075.76,false
04-5198116,Sofia,Petrol,spetrolol@com.com,Female,$7763.11,true
55-3791769,Celine,Carless,ccarlessom@edublogs.org,Female,$8833.13,true
56-9610517,Raine,McLoney,rmcloneyon@bluehost.com,Female,$7861.38,false
27-4452092,Alexandr,Baiden,abaidenoo@geocities.jp,Male,$7325.39,false
35-7354075,Georgiana,Morfell,gmorfellop@eepurl.com,Female,$8578.56,true
35-0664250,Rey,Calterone,rcalteroneoq@instagram.com,Female,$2496.85,true
70-9364276,Willa,Farries,wfarriesor@hugedomains.com,Female,$7090.66,false
27-6035117,Keith,De Dei,kdedeios@blogger.com,Male,$7361.34,false
41-1365494,Lelia,Matussevich,lmatussevichot@google.de,Female,$3230.77,false
12-5739797,Chloette,Stuchburie,cstuchburieou@upenn.edu,Female,$8732.02,true
82-0905246,Nat,Coley,ncoleyov@newyorker.com,Female,$1636.35,true
03-8851030,Art,Llorente,allorenteow@nydailynews.com,Male,$9135.44,false
97-9406264,Aguie,Hiseman,ahisemanox@webmd.com,Male,$8293.90,false
69-7245338,Brand,Doylend,bdoylendoy@tinypic.com,Male,$6219.06,false
90-7117981,Nappy,Baldack,nbaldackoz@huffingtonpost.com,Male,$3398.35,true
53-0649292,Adler,Huntall,ahuntallp0@about.com,Male,$4271.99,true
38-0271558,Scott,Ebbins,sebbinsp1@amazon.de,Male,$1424.88,false
00-3358082,Jeniffer,Worton,jwortonp2@cam.ac.uk,Female,$8774.26,false
88-5679797,Brenden,Boone,bboonep3@opensource.org,Male,$3543.80,false
64-3724506,Henka,Gorelli,hgorellip4@cbsnews.com,Female,$6408.31,false
44-7083577,Alyssa,Dugall,adugallp5@odnoklassniki.ru,Female,$6789.90,true
68-7869957,Cynde,Valti,cvaltip6@nps.gov,Female,$8520.30,true
88-0875366,Dorice,Lofty,dloftyp7@geocities.com,Female,$1850.63,true
92-3859501,Silvio,Doohan,sdoohanp8@printfriendly.com,Male,$1162.95,true
80-8165680,Orel,Tasseler,otasselerp9@jalbum.net,Female,$4127.95,true
22-4879754,Uri,Noweak,unoweakpa@webnode.com,Male,$7277.88,true
31-8630115,Arty,Azemar,aazemarpb@economist.com,Male,$5295.97,true
77-8541220,Cass,Sharratt,csharrattpc@tamu.edu,Female,$3291.21,true
59-7071328,Bartholomeus,Brunstan,bbrunstanpd@webeden.co.uk,Male,$9892.29,true
80-2414500,Linoel,Karolyi,lkarolyipe@i2i.jp,Male,$7821.35,false
64-3134747,Cissiee,Trevaskus,ctrevaskuspf@sogou.com,Female,$5178.26,true
15-2380243,Cobbie,Oxtoby,coxtobypg@usa.gov,Male,$3012.14,false
88-8420104,Tiertza,Tatershall,ttatershallph@gnu.org,Female,$4423.52,true
36-4229271,Shepperd,Syversen,ssyversenpi@harvard.edu,Male,$7649.60,true
72-8124322,Edwina,Betho,ebethopj@scribd.com,Female,$7490.80,false
83-8751360,Agace,Haydon,ahaydonpk@theguardian.com,Female,$9481.81,true
61-9525006,Dela,Ellesworthe,dellesworthepl@epa.gov,Female,$9222.41,true
28-8621842,Aldin,Woffenden,awoffendenpm@virginia.edu,Male,$3717.37,false
66-6715489,Pasquale,Burchell,pburchellpn@goodreads.com,Male,$2510.79,true
13-7056142,Norene,McPhilemy,nmcphilemypo@msn.com,Female,$7834.20,true
96-0071613,Marietta,Bremner,mbremnerpp@hc360.com,Female,$2693.64,true
04-3811495,Ruben,Stubbley,rstubbleypq@friendfeed.com,Male,$4053.75,false
98-6076368,Doreen,Croston,dcrostonpr@ameblo.jp,Female,$4276.55,true
25-0216844,Oralee,Martellini,omartellinips@phoca.cz,Female,$2449.37,true
99-6845024,Ronald,Atkin,ratkinpt@amazon.co.jp,Male,$1206.99,true
14-3776103,Granny,Dresse,gdressepu@bloglovin.com,Male,$9991.84,false
25-2537849,Estele,Wortman,ewortmanpv@hp.com,Female,$9097.56,false
12-5923854,Ashley,Schulkins,aschulkinspw@mapquest.com,Female,$8127.48,false
20-0852657,Cindee,Crackett,ccrackettpx@amazon.de,Female,$2714.51,false
83-4381540,Ursala,Fatkin,ufatkinpy@about.me,Female,$1891.66,false
73-7515055,Meir,Pietsma,mpietsmapz@sina.com.cn,Male,$8815.66,false
84-6960253,Vlad,Hindshaw,vhindshawq0@topsy.com,Male,$3986.93,false
00-7972032,Caril,MacCollom,cmaccollomq1@reverbnation.com,Female,$1456.11,false
95-7274580,Rycca,De Beauchemp,rdebeauchempq2@1und1.de,Female,$6562.50,true
04-1471877,Vita,Sellman,vsellmanq3@nature.com,Female,$3244.33,true
51-5717246,Liane,FitzGilbert,lfitzgilbertq4@fema.gov,Female,$2969.83,false
12-3434391,Massimo,Gout,mgoutq5@nifty.com,Male,$4175.23,false
16-5377154,Port,Croasdale,pcroasdaleq6@ox.ac.uk,Male,$8494.26,true
80-0625879,Aguie,Antonomolii,aantonomoliiq7@stumbleupon.com,Male,$4693.04,false
17-8331816,Johnathan,MacDearmont,jmacdearmontq8@house.gov,Male,$6337.02,false
85-7997804,Leland,Ranner,lrannerq9@paypal.com,Female,$6247.97,false
49-1920121,Kristy,Kochl,kkochlqa@state.tx.us,Female,$9384.20,false
65-8495977,Geoffry,Isabell,gisabellqb@naver.com,Male,$6126.35,true
35-9047860,Theo,Gliddon,tgliddonqc@auda.org.au,Female,$8405.07,true
00-5723166,Margette,Clarkson,mclarksonqd@jigsy.com,Female,$5535.50,true
88-4410938,Yves,Beevor,ybeevorqe@oaic.gov.au,Male,$8514.17,false
85-9044619,Uriah,Lotte,ulotteqf@xing.com,Male,$1320.42,false
66-0916274,Kissee,Bartels,kbartelsqg@upenn.edu,Female,$9119.69,true
75-5323862,Marjy,Claxson,mclaxsonqh@goo.gl,Female,$4328.57,true
31-6687989,Othelia,Acory,oacoryqi@washingtonpost.com,Female,$8759.87,true
64-1054616,Culley,Skittreal,cskittrealqj@w3.org,Male,$5239.55,false
06-8818036,Gerianne,Greenham,ggreenhamqk@paypal.com,Female,$3079.22,true
84-5567061,Arlyne,Swale,aswaleql@engadget.com,Female,$5266.87,true
27-1850067,Page,Scotchmoor,pscotchmoorqm@uol.com.br,Female,$1495.84,false
15-3934512,Camille,Belvard,cbelvardqn@artisteer.com,Female,$4935.65,true
21-0964922,Shirley,Delf,sdelfqo@comsenz.com,Female,$3705.25,false
14-5894600,Berkly,Procter,bprocterqp@last.fm,Male,$3081.47,false
43-9185987,Nellie,Yushin,nyushinqq@exblog.jp,Female,$5163.69,false
39-2207730,Joey,O'Corren,jocorrenqr@twitter.com,Male,$7460.44,false
77-9052413,Murdock,Shiril,mshirilqs@mtv.com,Male,$4889.22,true
30-8533676,Sunshine,Trattles,strattlesqt@sfgate.com,Female,$4459.28,true
58-4032858,Early,Piscotti,episcottiqu@posterous.com,Male,$3361.78,false
17-4192094,Martyn,Luno,mlunoqv@marketwatch.com,Male,$4001.53,true
88-2347274,Benito,Domino,bdominoqw@gmpg.org,Male,$2352.13,true
63-3005966,Jilly,Kilborn,jkilbornqx@ox.ac.uk,Female,$2632.39,true
47-3055506,Mathe,Barber,mbarberqy@fda.gov,Male,$9521.95,true
29-1592908,Anatole,Francombe,afrancombeqz@about.me,Male,$7484.35,false
43-4819227,Gallagher,Benoiton,gbenoitonr0@hexun.com,Male,$3934.13,false
58-7651129,Terrie,Kornilov,tkornilovr1@plala.or.jp,Female,$9378.24,true
30-6280355,Gaylor,Starkie,gstarkier2@craigslist.org,Male,$5708.49,true
99-0717714,Abbe,Vsanelli,avsanellir3@wikipedia.org,Male,$6607.18,false
11-0194538,Christiano,Feehely,cfeehelyr4@toplist.cz,Male,$7543.97,false
05-0410553,Tyler,Franses,tfransesr5@domainmarket.com,Male,$7361.33,true
48-6762461,Cyrus,Newell,cnewellr6@unc.edu,Male,$8443.15,true
04-8098279,Verney,Itter,vitterr7@youtu.be,Male,$7349.49,true
56-5453396,Sherye,Croisdall,scroisdallr8@miitbeian.gov.cn,Female,$9500.57,true
32-1350922,Saul,Skeech,sskeechr9@lulu.com,Male,$8451.04,false
07-9643409,Cliff,Gauden,cgaudenra@nifty.com,Male,$4507.09,false
90-1012619,Harriot,Kirsopp,hkirsopprb@illinois.edu,Female,$5350.90,true
85-0123621,Hurley,Josefer,hjoseferrc@drupal.org,Male,$1083.58,false
74-9687824,Boote,O'Sheils,bosheilsrd@utexas.edu,Male,$3076.08,false
93-6340404,Jerry,Toulamain,jtoulamainre@list-manage.com,Male,$4404.77,true
38-8533161,Tristan,Iles,tilesrf@rambler.ru,Male,$8766.44,false
20-5007491,Rodolph,Punch,rpunchrg@rambler.ru,Male,$4939.98,true
30-7095535,Valentin,Van Der Weedenburg,vvanderweedenburgrh@arstechnica.com,Male,$3370.21,false
26-2680459,Brewster,Edinburgh,bedinburghri@xrea.com,Male,$2719.36,false
13-4410981,Mufinella,Smitham,msmithamrj@dedecms.com,Female,$6486.73,true
69-3887721,Kris,Millsap,kmillsaprk@army.mil,Female,$9034.56,true
57-3863079,Diannne,Dmiterko,ddmiterkorl@intel.com,Female,$4678.13,true
35-0866724,Elias,Antonovic,eantonovicrm@alexa.com,Male,$3238.51,true
27-9353017,Jobi,Halfpenny,jhalfpennyrn@mtv.com,Female,$8105.53,false
60-0999527,Wren,Perin,wperinro@google.co.jp,Female,$8467.88,false
87-1059968,Averill,Fitzharris,afitzharrisrp@constantcontact.com,Male,$7666.06,false
99-6342734,Kari,Patrick,kpatrickrq@diigo.com,Female,$8191.83,true
94-2472569,Darrell,Ketcher,dketcherrr@eepurl.com,Male,$4372.56,true
